Site,Year,Month,Samp,Period,A,BG,F,RB,BD,Ram,AS,BS,FS,RBS,PH,WD,AT
MM,2021,May,1,1,1.016,7.294,.,.,.,4,0.899,1.349,.,.,35.6,14.0,22.2406
MM,2021,May,2,1,0.363,3.349,.,.,.,90,0.899,1.349,.,.,35.9,0.0,22.2406
MM,2021,May,3,1,0.131,44.344,.,.,.,4,0.899,1.349,.,.,18.1,0.0,22.2406
MM,2021,May,4,1,12.87,60.03,0.215,.,.,.,0.899,1.349,1.861,.,72.4,12.7,22.2406
MM,2021,June,1,2,3.172,5.049,.,.,.,22,2.682,0.997,.,15.387,35,8,22.7453
MM,2021,June,2,2,5.989,9.643,0.226,.,.,26,2.682,0.997,0.635,.,62,0,22.7453
MM,2021,June,3,2,0.2,0.286,.,.,.,5,2.682,0.997,.,.,22.25,0,22.7453
MM,2021,June,4,2,12.292,10.844,0.225,.,.,49,2.682,0.997,0.635,.,61.5,0,22.7453
MM,2021,June,5,2,0.457,0.821,.,.,.,3,2.682,0.997,.,.,23.75,4,22.7453
MM,2021,June,6,2,0.293,0.338,.,.,.,11,2.837,6.407,.,.,23.5,2.5,22.7453
MM,2021,June,7,2,0.156,0.21,.,.,.,6,2.837,6.407,.,.,25.5,0,22.7453
MM,2021,June,8,2,7.803,39.302,0.226,.,.,11,2.837,6.407,0.635,.,85,5.5,22.7453
MM,2021,June,9,2,15.58,11.162,.,.,.,46,2.837,6.407,.,.,54.5,3,22.7453
MM,2021,June,10,2,19.482,32.287,0.336,.,.,84,2.837,6.407,0.635,.,57,4,22.7453
MM,2021,June,11,2,0.409,0.482,.,.,.,14,2.811,0.384,.,.,22,0,22.7453
MM,2021,June,12,2,0.832,1.115,.,.,.,17,2.811,0.384,.,.,28.5,4,22.7453
MM,2021,June,13,2,0.452,0.431,.,.,.,27,2.811,0.384,.,.,21,0,22.7453
MM,2021,June,14,2,2.767,2.413,.,.,.,25,2.811,0.384,.,.,51,16,22.7453
MM,2021,June,15,2,8.071,6.523,.,.,.,35,2.811,0.384,.,.,55,0,22.7453
MM,2021,June,16,2,0.612,1.072,.,.,.,12,0.218,0.199,.,.,25.25,0,22.7453
MM,2021,June,17,2,3.886,5.645,.,.,.,27,0.218,0.199,.,.,39.5,5.5,22.7453
MM,2021,June,18,2,2.513,3.946,.,.,.,36,0.218,0.199,.,.,42,0,22.7453
MM,2021,June,19,2,1.725,1.403,.,.,.,31,0.218,0.199,.,.,30,0,22.7453
MM,2021,June,20,2,0.739,0.775,.,.,.,27,0.218,0.199,.,.,24.5,0,22.7453
MM,2021,July,1,3,44.171,10.43,0.55,0.303,16,49,0.830,1.785,0.635,29.528,99,0,22.8736
MM,2021,July,2,3,13.772,13.82,0.189,0.181,17,49,0.830,1.785,0.635,29.528,79,0,22.8736
MM,2021,July,3,3,3.613,2.629,.,.,.,21,0.830,1.785,.,.,37.9,0,22.8736
MM,2021,July,4,3,0.781,0.599,.,.,.,17,0.830,1.785,.,.,22.8,0,22.8736
MM,2021,July,5,3,30.154,22.88,0.334,.,.,113,0.830,1.785,0.635,.,67.5,0,22.8736
MM,2021,July,6,3,14.132,14.277,.,.,.,82,0.440,2.735,.,.,67.8,0,22.8736
MM,2021,July,7,3,10.028,16.834,.,0.034,4,97,0.440,2.735,.,29.528,49.5,0,22.8736
MM,2021,July,8,3,24.069,7.563,0.671,0.377,33,110,0.440,2.735,0.635,29.528,74.5,0,22.8736
MM,2021,July,9,3,3.696,5.377,.,.,.,43,0.440,2.735,.,.,40.5,0,22.8736
MM,2021,July,10,3,9.201,8.446,.,0.069,7,49,0.440,2.735,.,29.528,61.2,0,22.8736
MM,2021,July,11,3,255.707,16.164,1.537,.,.,58,0.673,5.007,0.635,.,86.3,0,22.8736
MM,2021,July,12,3,5.331,5.044,.,.,.,47,0.673,5.007,.,.,41.2,0,22.8736
MM,2021,July,13,3,1.425,1.818,.,0.011,4,26,0.673,5.007,.,29.528,41.3,0,22.8736
MM,2021,July,14,3,13.31,10.841,1.769,0.251,13,43,0.673,5.007,0.635,29.528,88.6,0,22.8736
MM,2021,July,15,3,37.533,32.186,0.608,0.861,44,45,0.673,5.007,0.635,29.528,77.8,0,22.8736
MM,2021,July,16,3,3.996,4.072,.,.,.,42,0.195,8.011,.,.,54.7,0,22.8736
MM,2021,July,17,3,2.934,3.998,.,.,.,54,0.195,8.011,.,.,31.9,0,22.8736
MM,2021,July,18,3,1.262,1.461,.,.,.,24,0.195,8.011,.,.,31.6,0,22.8736
MM,2021,July,19,3,8.348,4.199,.,.,.,50,0.195,8.011,.,.,61.6,0,22.8736
MM,2021,July,20,3,30.769,12.211,1.37,0.754,33,67,0.195,8.011,.,.,34.9,5.4,22.8736
MM,2021,August,1,4,8.145,9.98,0.126,1.467,56,31,1.182,2.506,3.406,23.934,66,0,23.0750
MM,2021,August,2,4,12.25,9.123,0.147,0.056,5,33,1.182,2.506,3.406,23.934,95.25,8,23.0750
MM,2021,August,3,4,16.418,16.714,0.843,.,.,65,1.182,2.506,3.406,.,82,0,23.0750
MM,2021,August,4,4,15.122,13.839,0.244,2.257,115,62,1.182,2.506,3.406,23.934,78.5,0,23.0750
MM,2021,August,5,4,23.542,12.192,1.553,1.776,98,46,1.182,2.506,3.406,23.934,84.5,0,23.0750
MM,2021,August,6,4,13.623,12.05,.,6.814,268,36,1.446,2.699,.,23.934,78,0,23.0750
MM,2021,August,7,4,41.479,20.761,2.599,2.35,143,.,1.446,2.699,3.406,23.934,84.5,0,23.0750
MM,2021,August,8,4,18.278,7.985,2.412,1.558,91,.,1.446,2.699,3.406,26.784,79.5,0,23.0750
MM,2021,August,9,4,1.924,5.07,.,.,.,.,1.446,2.699,.,.,37,4,23.0750
MM,2021,August,10,4,29.574,17.378,2.473,0.452,55,.,1.446,2.699,3.406,26.784,71.25,0,23.0750
MM,2021,August,11,4,17.751,8.691,0.621,0.0872,48,.,1.398,2.298,3.133,26.784,77.5,0,23.0750
MM,2021,August,12,4,13.151,10.442,0.389,2.659,135,.,1.398,2.298,3.133,26.784,72.5,0,23.0750
MM,2021,August,13,4,22.465,11.932,3.133,2.255,120,.,1.398,2.298,3.133,26.784,76.25,0,23.0750
MM,2021,August,14,4,30.305,15.648,0.995,3.449,241,.,1.398,2.298,3.133,26.784,72,0,23.0750
MM,2021,August,15,4,5.75,9.039,.,0.05,7,.,1.398,2.298,.,28.506,45.5,0,23.0750
MM,2021,August,16,4,11.6965,11.7332,1.898,2.368,109,.,1.518,1.923,3.133,28.506,71,0,23.0750
MM,2021,August,17,4,18.057,11.571,0.596,4.871,271,.,1.518,1.923,3.133,28.506,73.5,0,23.0750
MM,2021,August,18,4,23.229,22.612,1.535,4.728,233,.,1.518,1.923,3.133,28.506,81.5,0,23.0750
MM,2021,August,19,4,18.292,8.95,0.301,0.45,28,.,1.518,1.923,3.133,28.506,96,0,23.0750
MM,2021,August,20,4,15.031,7.791,0.788,1.513,85,.,1.518,1.923,3.133,28.506,92.25,11,23.0750
MM,2021,September,1,5,0.364,0.283,.,0.033,2,5,0.468,3.695,.,28.884,24,13,22.5412
MM,2021,September,2,5,15.113,10.903,0.455,7.265,255,36,0.468,3.695,5.476,28.884,63,0,22.5412
MM,2021,September,3,5,10.979,9.713,0.417,4.003,147,25,0.468,3.695,5.476,28.884,56.5,0,22.5412
MM,2021,September,4,5,9.254,5.466,0.418,5.882,166,12,0.468,3.695,5.476,28.884,66,0,22.5412
MM,2021,September,5,5,12.097,15.643,.,11.123,611,11,0.468,3.695,.,28.884,52.25,0,22.5412
MM,2021,September,6,5,15.127,15.193,2.156,15.113,460,29,0.389,1.380,5.476,28.249,72.5,0,22.5412
MM,2021,September,7,5,6.513,6.667,.,5.615,215,22,0.389,1.380,.,28.249,71,0,22.5412
MM,2021,September,8,5,11.465,8.132,0.595,4.557,145,34,0.389,1.380,5.476,28.249,68.25,0,22.5412
MM,2021,September,9,5,15.983,9.584,.,6.19,293,17,0.389,1.380,.,28.249,68,0,22.5412
MM,2021,September,10,5,15.606,18.764,.,11.515,495,41,0.389,1.380,.,28.249,60.25,0,22.5412
MM,2021,September,11,5,21.1,10.531,0.382,6.478,300,17,0.000,9.778,5.476,26.377,78,0,22.5412
MM,2021,September,12,5,8.859,10.653,.,8.529,235,15,0.000,9.778,.,26.377,65.5,0,22.5412
MM,2021,September,13,5,9.183,7.886,.,9.174,373,14,0.000,9.778,.,26.377,70.5,0,22.5412
MM,2021,September,14,5,12.235,8.411,1.366,2.278,60,17,0.000,9.778,5.476,26.377,76.25,0,22.5412
MM,2021,September,15,5,15.402,12.262,3.434,10.058,505,9,0.000,9.778,5.476,26.377,78,0,22.5412
MM,2021,September,16,5,18.296,6.37,3.176,3.55,107,18,0.421,8.373,5.476,27.673,72.5,0,22.5412
MM,2021,September,17,5,27.645,13.049,3.178,9.838,284,21,0.421,8.373,5.476,27.673,98.5,0,22.5412
MM,2021,September,18,5,22.782,15.888,0.742,7.366,200,33,0.421,8.373,5.476,27.673,63,6,22.5412
MM,2021,September,19,5,17.544,9.068,2.847,6.518,212,23,0.421,8.373,5.476,27.673,73.25,10.5,22.5412
MM,2021,September,20,5,22.608,13.801,1.635,4.927,180,25,0.421,8.373,5.476,27.673,75.25,5,22.5412
MM,2021,October,1,6,13.638,18.684,.,5.502,172,37,0.590,9.821,.,26.677,58,2.5,21.7983
MM,2021,October,2,6,9.919,20.613,.,6.514,38,32,0.590,9.821,.,26.677,57.5,1.5,21.7983
MM,2021,October,3,6,2.758,5.859,.,1.661,36,14,0.590,9.821,.,26.677,55.5,0,21.7983
MM,2021,October,4,6,19.18,17.221,.,24.771,739,42,0.590,9.821,.,26.677,63,0,21.7983
MM,2021,October,5,6,0.263,0.369,.,0.024,2,6,0.590,9.821,.,26.677,17,0,21.7983
MM,2021,October,6,6,0.08,0.369,.,.,.,3,0.000,11.933,.,28.425,16,0,21.7983
MM,2021,October,7,6,9.23,8.757,.,7.4,240,32,0.000,11.933,.,28.425,66,0,21.7983
MM,2021,October,8,6,12.22,9.93,.,10.92,276,23,0.000,11.933,.,28.425,60.5,0,21.7983
MM,2021,October,9,6,26.244,32.451,.,18.778,510,49,0.000,11.933,.,28.425,70,0.5,21.7983
MM,2021,October,10,6,9.475,6.966,.,2.845,56,20,0.000,11.933,.,28.425,70.25,11,21.7983
MM,2021,October,11,6,19.486,18.02,.,18.952,577,26,0.000,19.798,.,29.282,83.25,1.5,21.7983
MM,2021,October,12,6,16.824,12.424,.,14.988,383,18,0.000,19.798,.,29.282,73.75,0,21.7983
MM,2021,October,13,6,0.671,0.453,.,0.071,8,1,0.000,19.798,.,29.282,50.75,27,21.7983
MM,2021,October,14,6,5.61,6.152,.,4.179,176,16,0.000,19.798,.,29.282,47.5,4,21.7983
MM,2021,October,15,6,2.191,8.375,.,2.029,70,9,0.000,19.798,.,29.282,56.25,8,21.7983
MM,2021,October,16,6,1.744,2.346,.,0.994,55,7,0.025,14.360,.,30.923,40.5,5,21.7983
MM,2021,October,17,6,4.864,5.002,.,4.346,106,7,0.025,14.360,.,30.923,59,4.5,21.7983
MM,2021,October,18,6,6.293,11.091,.,5.127,175,22,0.025,14.360,.,30.923,61,4,21.7983
MM,2021,October,19,6,8.256,10.058,.,3.018,80,26,0.025,14.360,.,30.923,70.5,9,21.7983
MM,2021,October,20,6,7.723,5.288,.,3.618,91,4,0.025,14.360,.,30.923,75.5,22,21.7983
MM,2021,November,1,7,1.975,15.453,.,2.757,90,8,0.266,11.240,.,27.847,85,34,22.5249
MM,2021,November,2,7,0.33,0.483,.,0.124,3,1,0.266,11.240,.,27.847,19,0,22.5249
MM,2021,November,3,7,8.661,7.152,.,4.782,131,14,0.266,11.240,.,27.847,64.5,0,22.5249
MM,2021,November,4,7,8.476,9.64,.,10.095,223,26,0.266,11.240,.,27.847,58.75,0,22.5249
MM,2021,November,5,7,3.706,3.787,.,0.066,4,8,0.266,11.240,.,27.847,57,14.5,22.5249
MM,2021,November,6,7,6.012,10.064,.,10.913,328,20,0.000,16.800,.,27.729,62.5,21,22.5249
MM,2021,November,7,7,5.393,11.508,0.995,3.083,39,8,0.000,16.800,19.915,27.729,66.5,14,22.5249
MM,2021,November,8,7,8.249,13.931,.,3.008,60,26,0.000,16.800,.,27.729,82.5,36,22.5249
MM,2021,November,9,7,6.683,8.602,.,5.255,141,17,0.000,16.800,.,27.729,51.5,0,22.5249
MM,2021,November,10,7,10.366,8.396,.,6.255,124,19,0.000,16.800,.,27.729,76.5,25,22.5249
MM,2021,November,11,7,9.153,4.333,.,2.01,50,7,0.327,19.860,.,30.293,69,25,22.5249
MM,2021,November,12,7,10.361,8.39,.,8.977,204,13,0.327,19.860,.,30.293,59.5,15,22.5249
MM,2021,November,13,7,8.535,3.986,.,0.773,15,6,0.327,19.860,.,30.293,61,13,22.5249
MM,2021,November,14,7,8.764,8.611,.,7.054,172,15,0.327,19.860,.,30.293,68.5,11,22.5249
MM,2021,November,15,7,4.985,6.502,.,5.041,96,9,0.327,19.860,.,30.293,82,25,22.5249
MM,2021,November,16,7,3.041,25.451,.,4.385,117,11,0.377,18.460,.,27.151,54,22,22.5249
MM,2021,November,17,7,8.779,19.306,.,30.603,1063,29,0.377,18.460,.,27.151,72.5,13,22.5249
MM,2021,November,18,7,6.633,15.521,.,13.709,232,22,0.377,18.460,.,27.151,63.5,10,22.5249
MM,2021,November,19,7,5.771,16.425,.,10.726,239,14,0.377,18.460,.,27.151,72.5,12,22.5249
MM,2021,November,20,7,2.382,8.851,.,7.924,246,22,0.377,18.460,.,27.151,61.25,0,22.5249
MM,2022,May,1,8,0.032,0.205,.,.,.,2,1.187,11.826,.,.,9.4,2,18.75364926
MM,2022,May,2,8,0.23,0.919,.,.,.,9,1.187,11.826,.,.,14.5,0,18.75364926
MM,2022,May,3,8,1.433,7.917,.,0.138,9,4,1.187,11.826,.,23.509,28.4,0,18.75364926
MM,2022,May,4,8,1.673,4.023,.,0.187,8,10,1.187,11.826,.,23.509,34.7,1.8,18.75364926
MM,2022,May,5,8,0.029,0.116,.,.,.,4,1.187,11.826,.,.,1.2,10.1,18.75364926
MM,2022,May,6,8,0.584,1.405,.,0.086,6,14,1.071,9.941,.,23.509,25.4,0,18.75364926
MM,2022,May,7,8,14.625,34.825,0.037,0.956,39,51,1.071,9.941,.,23.509,60,3,18.75364926
MM,2022,May,8,8,3.526,8.575,.,.,.,15,1.071,9.941,.,.,48.9,3,18.75364926
MM,2022,May,9,8,0.146,0.74,.,.,.,3,1.071,9.941,.,.,5.2,1.8,18.75364926
MM,2022,May,10,8,6.238,7.077,.,0.745,23,15,1.071,9.941,.,23.509,44.5,5.2,18.75364926
MM,2022,May,11,8,0.16,0.267,.,.,.,2,0.855,9.191,.,.,23.6,12,18.75364926
MM,2022,May,12,8,0.137,0.205,.,0.021,2,11,0.855,9.191,.,23.509,13.2,2.8,18.75364926
MM,2022,May,13,8,2.57,11.661,.,7.681,239,24,0.855,9.191,.,23.509,32,5.4,18.75364926
MM,2022,May,14,8,6.429,4.342,.,0.084,9,18,0.855,9.191,.,20.955,45.2,5.7,18.75364926
MM,2022,May,15,8,1.288,2.272,.,.,.,12,0.855,9.191,.,.,43.9,3,18.75364926
MM,2022,May,16,8,3.4,8.399,.,5.346,250,26,0.950,7.780,.,20.955,31.5,0,18.75364926
MM,2022,May,17,8,0.462,2.633,.,0.633,39,3,0.950,7.780,.,20.955,11.2,0,18.75364926
MM,2022,May,18,8,1.436,6.087,.,0.97,44,8,0.950,7.780,.,20.955,32,0,18.75364926
MM,2022,May,19,8,1.942,7.782,.,1.274,70,6,0.950,7.780,.,20.955,41.8,0,18.75364926
MM,2022,May,20,8,6.035,16.073,.,8.223,335,16,0.950,7.780,.,20.955,18.5,1.5,18.75364926
MM,2022,June,1,9,5.288,7.236,.,0.126,18,48,0.279,8.215,.,26.046,52.25,7.5,23.61682611
MM,2022,June,2,9,1.114,1.68,.,.,.,45,0.279,8.215,.,.,27,1.5,23.61682611
MM,2022,June,3,9,0.046,0.15,.,.,.,17,0.279,8.215,.,.,10.75,0,23.61682611
MM,2022,June,4,9,0.93,1.662,.,0.114,6,38,0.279,8.215,.,26.046,29.5,0,23.61682611
MM,2022,June,5,9,9.732,5.124,0.504,0.014,1,29,0.279,8.215,1.184,26.046,61.5,0,23.61682611
MM,2022,June,6,9,9.822,6.644,0.948,0.578,47,28,0.995,15.560,1.184,26.046,55.75,3,23.61682611
MM,2022,June,7,9,8.168,11.398,0.378,0.36,35,113,0.995,15.560,1.184,26.046,41.5,1,23.61682611
MM,2022,June,8,9,14.62,15.082,.,0.586,27,71,0.995,15.560,.,26.046,51.75,3,23.61682611
MM,2022,June,9,9,0.388,0.476,.,0.008,1,17,0.995,15.560,.,26.046,18.5,4.5,23.61682611
MM,2022,June,10,9,0.498,0.454,.,.,.,10,0.995,15.560,.,.,34.25,13,23.61682611
MM,2022,June,11,9,8.886,13.628,0.244,0.204,12,59,0.720,1.498,1.184,27.553,52,0,23.61682611
MM,2022,June,12,9,0.058,0.06,.,.,.,6,0.720,1.498,.,.,11,0,23.61682611
MM,2022,June,13,9,6.268,6.416,0.1,0.046,6,24,0.720,1.498,1.184,27.553,59.5,0,23.61682611
MM,2022,June,14,9,3.568,11.278,.,0.02,3,32,0.720,1.498,.,27.553,57.5,0,23.61682611
MM,2022,June,15,9,1.598,2.802,.,.,.,24,0.720,1.498,.,.,41,0,23.61682611
MM,2022,June,16,9,0.772,0.904,.,.,.,29,0.758,13.482,.,.,23.25,3,23.61682611
MM,2022,June,17,9,0.674,0.448,.,.,.,16,0.758,13.482,.,.,41.5,20,23.61682611
MM,2022,June,18,9,16.154,19.046,0.262,1.014,39,96,0.758,13.482,1.184,27.553,57.5,0,23.61682611
MM,2022,June,19,9,12.392,16.326,1.02,5.352,224,55,0.758,13.482,1.184,27.553,74.5,2,23.61682611
MM,2022,June,20,9,21.178,12.808,1.722,0.578,38,170,0.758,13.482,1.184,27.553,64,0,23.61682611
MM,2022,July,1,10,17.136,16.872,0.304,0.764,102,64,0.046,1.453,0.826,5.441,64,0,25.23306421
MM,2022,July,2,10,3.986,6.366,.,0.076,18,52,0.046,1.453,.,5.441,39.5,0,25.23306421
MM,2022,July,3,10,0.456,0.786,.,.,.,25,0.046,1.453,.,.,23,0,25.23306421
MM,2022,July,4,10,2.554,2.178,.,.,.,33,0.046,1.453,.,.,35.25,0,25.23306421
MM,2022,July,5,10,3.15,3.766,.,.,.,21,0.046,1.453,.,.,50.5,0,25.23306421
MM,2022,July,6,10,3.97,5.452,.,0.076,11,56,0.000,6.142,.,5.441,47,0,25.23306421
MM,2022,July,7,10,5.674,8.74,.,0.078,6,51,0.000,6.142,.,5.441,39.5,0,25.23306421
MM,2022,July,8,10,2.578,6.134,.,0.188,19,53,0.000,6.142,.,5.441,43.5,0,25.23306421
MM,2022,July,9,10,3.224,5.084,.,.,.,58,0.000,6.142,.,.,45.5,0,25.23306421
MM,2022,July,10,10,9.486,5.834,.,.,.,57,0.000,6.142,.,.,52,0,25.23306421
MM,2022,July,11,10,19.992,23.896,1.614,.,.,34,0.095,3.352,0.826,.,65.5,0,25.23306421
MM,2022,July,12,10,18.518,20.228,0.576,.,.,57,0.095,3.352,0.826,.,61,0,25.23306421
MM,2022,July,13,10,16.922,17.486,1.646,2.5,220,48,0.095,3.352,0.826,5.441,62.5,0,25.23306421
MM,2022,July,14,10,10.602,10.948,0.056,0.586,69,69,0.095,3.352,2.429,4.321,58,0,25.23306421
MM,2022,July,15,10,5.638,6.342,0.346,0.568,63,44,0.095,3.352,2.429,4.321,50,0,25.23306421
MM,2022,July,16,10,17.516,9.078,2.92,2.546,165,27,0.000,1.028,2.429,4.321,54.5,0,25.23306421
MM,2022,July,17,10,9.54,11.906,.,0.638,65,82,0.000,1.028,.,4.321,51,0,25.23306421
MM,2022,July,18,10,11.136,11.288,.,.,.,47,0.000,1.028,.,.,53,0,25.23306421
MM,2022,July,19,10,36.724,13.33,3.844,3.11,220,48,0.000,1.028,2.429,4.321,69.5,0,25.23306421
MM,2022,July,20,10,6.336,5.57,.,0.054,6,63,0.000,1.028,.,4.321,46.5,0,25.23306421
MM,2022,August,1,11,9.667,6.011,0.12,2.102,202,67,0.124,18.184,2.833,25.214,55.25,0,24.57149578
MM,2022,August,2,11,1.137,0.558,.,0.02,12,36,0.124,18.184,.,25.214,39.5,0,24.57149578
MM,2022,August,3,11,7.17,7.381,.,0.081,23,107,0.124,18.184,.,25.214,52,0,24.57149578
MM,2022,August,4,11,31.792,31.684,0.632,5.256,336,141,0.124,18.184,2.833,25.214,45.5,0,24.57149578
MM,2022,August,5,11,1.763,1.817,.,0.02,10,9,0.124,18.184,.,25.214,33.5,0,24.57149578
MM,2022,August,6,11,0.815,2.123,.,0.014,7,26,0.000,0.996,.,18.522,27.5,0,24.57149578
MM,2022,August,7,11,0.845,0.63,.,.,.,34,0.000,0.996,.,18.522,28.5,0,24.57149578
MM,2022,August,8,11,8.224,10.591,0.166,1.667,158,75,0.000,0.996,2.833,18.522,53.5,0,24.57149578
MM,2022,August,9,11,16.517,12.763,0.615,3.125,228,67,0.000,0.996,2.833,18.522,65.25,0,24.57149578
MM,2022,August,10,11,14.766,10.417,0.05,1.216,157,112,0.000,0.996,2.833,18.522,56,0,24.57149578
MM,2022,August,11,11,18.509,15.316,0.675,6.843,399,85,0.096,11.667,2.833,28.354,61,0,24.57149578
MM,2022,August,12,11,9.19,7.343,0.17,3.289,312,77,0.096,11.667,6.523,28.354,52.5,0,24.57149578
MM,2022,August,13,11,30.611,11.981,3.305,3.049,185,88,0.096,11.667,6.523,28.354,74.5,0,24.57149578
MM,2022,August,14,11,12.032,7.024,0.356,3.627,316,82,0.096,11.667,6.523,28.354,65,0,24.57149578
MM,2022,August,15,11,8.126,4.782,.,0.535,43,34,0.096,11.667,.,28.354,61,0,24.57149578
MM,2022,August,16,11,11.852,6.421,1.256,1.686,155,59,0.215,11.969,6.523,28.545,56.5,0,24.57149578
MM,2022,August,17,11,5.341,4.521,0.06,1.805,140,43,0.215,11.969,6.523,28.545,53,0,24.57149578
MM,2022,August,18,11,9.14,5.606,.,1.565,185,62,0.215,11.969,.,28.545,58,0,24.57149578
MM,2022,August,19,11,10.171,7.545,1.046,1.919,150,30,0.215,11.969,6.523,28.545,55.5,0,24.57149578
MM,2022,August,20,11,14.259,8.069,0.073,1.842,190,103,0.215,11.969,6.523,28.545,55.5,0,24.57149578
MM,2022,September,1,12,8.968,4.915,1.806,4.396,150,30,0.513,15.136,3.442,21.831,67.5,0,19.10954423
MM,2022,September,2,12,3.746,4.608,.,3.973,254,43,0.513,15.136,.,21.831,55,0,19.10954423
MM,2022,September,3,12,1.746,2.425,.,0.648,50,42,0.513,15.136,.,21.831,33,0,19.10954423
MM,2022,September,4,12,22.124,19.52,0.378,14.078,582,115,0.513,15.136,3.442,21.831,69,0,19.10954423
MM,2022,September,5,12,6.209,11.226,0.633,7.557,248,31,0.513,15.136,3.442,21.831,53,0,19.10954423
MM,2022,September,6,12,8.358,8.611,.,6.76,248,39,0.174,14.593,.,28.250,69.5,0,19.10954423
MM,2022,September,7,12,3.402,6.35,.,6.247,215,19,0.174,14.593,.,28.250,59,0,19.10954423
MM,2022,September,8,12,6.513,8.331,1.054,6.516,243,15,0.174,14.593,3.442,28.250,69,0,19.10954423
MM,2022,September,9,12,10.05,11.065,1.618,6.654,175,34,0.174,14.593,3.442,28.250,70,0,19.10954423
MM,2022,September,10,12,9.764,9.828,.,6.592,190,26,0.174,14.593,.,28.250,84.5,0,19.10954423
MM,2022,September,11,12,21.054,9.324,0.617,7.287,241,70,0.274,15.393,2.306,24.479,65,0,19.10954423
MM,2022,September,12,12,19.69,11.054,1.09,7.923,252,47,0.274,15.393,2.306,24.479,71,0,19.10954423
MM,2022,September,13,12,7.077,11.012,.,4.462,160,42,0.274,15.393,.,24.479,48,0,19.10954423
MM,2022,September,14,12,6.974,9.265,0.341,6.298,280,37,0.274,15.393,2.306,24.479,58.5,0,19.10954423
MM,2022,September,15,12,0.701,1.815,.,1.029,41,10,0.274,15.393,.,24.479,49.5,0,19.10954423
MM,2022,September,16,12,17.422,14.975,0.957,7.024,249,45,0.122,13.646,2.306,27.142,73.5,3,19.10954423
MM,2022,September,17,12,6.59,6.391,.,3.181,144,56,0.122,13.646,.,27.142,51,0,19.10954423
MM,2022,September,18,12,9.801,5.575,1.285,4.232,143,16,0.122,13.646,2.306,27.142,80,0,19.10954423
MM,2022,September,19,12,1.066,3.299,.,1.401,70,17,0.122,13.646,.,27.142,43,0,19.10954423
MM,2022,September,20,12,3.574,5.454,.,5.696,247,31,0.122,13.646,.,27.142,54.5,0,19.10954423
MM,2022,October,1,13,2.608,5.769,.,3.132,95,19,0.000,26.317,.,25.159,53.34,0,10.9711782
MM,2022,October,2,13,0.63,2.45,.,0.664,27,6,0.000,26.317,.,25.159,44.45,0,10.9711782
MM,2022,October,3,13,6.548,15.305,.,11.115,230,24,0.000,26.317,.,25.159,54.6,0,10.9711782
MM,2022,October,4,13,6.687,15.516,.,10.882,283,68,0.000,26.317,.,25.159,63.34,0,10.9711782
MM,2022,October,5,13,0.904,3.823,.,1.437,23,17,0.000,26.317,.,25.159,48.3,0,10.9711782
MM,2022,October,6,13,5.035,23.311,.,9.716,306,16,0.000,28.188,.,29.254,56.5,0,10.9711782
MM,2022,October,7,13,6.524,10.778,.,8.411,203,41,0.000,28.188,.,29.254,59.7,0,10.9711782
MM,2022,October,8,13,3.299,8.044,.,4.038,104,48,0.000,28.188,.,29.254,45.7,0,10.9711782
MM,2022,October,9,13,5.166,10.525,.,8.078,147,41,0.000,28.188,.,29.254,47,0,10.9711782
MM,2022,October,10,13,2.387,7.4,.,3.901,121,17,0.000,28.188,.,29.254,61.6,0,10.9711782
MM,2022,October,11,13,3.109,8,.,6.404,169,16,0.885,30.932,.,31.071,66,0,10.9711782
MM,2022,October,12,13,4.68,9.533,.,5.972,20,24,0.885,30.932,.,31.071,66.7,0,10.9711782
MM,2022,October,13,13,3.276,6.826,.,5.644,246,17,0.885,30.932,.,31.071,63.5,0,10.9711782
MM,2022,October,14,13,3.192,7.946,.,11.577,314,16,0.885,30.932,.,31.071,67.3,0,10.9711782
MM,2022,October,15,13,6.21,9.445,0.995,17.251,495,26,0.885,30.932,.,31.071,63.5,0,10.9711782
MM,2022,October,16,13,1.788,8.085,.,3.755,114,12,0.316,7.938,.,27.880,63.5,0,10.9711782
MM,2022,October,17,13,1.258,4.646,.,3.857,142,7,0.316,7.938,.,27.880,61,0,10.9711782
MM,2022,October,18,13,1.29,3.398,.,0.433,12,11,0.316,7.938,.,27.880,59.7,0,10.9711782
MM,2022,October,19,13,20.24,22.584,.,27.577,544,35,0.316,7.938,.,27.880,69.2,0,10.9711782
MM,2022,October,20,13,2.433,12.217,.,11.504,338,30,0.316,7.938,.,27.880,49.5,0,10.9711782
TON,2021,May,1,1,6.68,59.26,.,.,.,7,1.596,3.569,.,.,74,18,20.6372
TON,2021,May,2,1,4.89,60.54,.,.,.,24,1.596,3.569,.,.,90,52,20.6372
TON,2021,May,3,1,4.226,49.2,.,.,.,9,1.596,3.569,.,.,81,37,20.6372
TON,2021,May,4,1,14.401,20.805,.,.,.,28,1.596,3.569,.,.,85,58,20.6372
TON,2021,May,5,1,3.967,8.774,.,.,.,.,1.596,3.569,.,.,69,33,20.6372
TON,2021,May,6,1,3.59,9.02,.,.,.,16,0.623,3.569,.,.,69,27,20.6372
TON,2021,May,7,1,6.91,31.09,.,.,.,13,0.623,3.569,.,.,62,33,20.6372
TON,2021,May,8,1,6.04,56.21,.,.,.,9,0.623,3.569,.,.,69,43,20.6372
TON,2021,May,9,1,5.016,20.15,.,.,.,13,0.623,3.569,.,.,60,26,20.6372
TON,2021,May,10,1,5.83,36.365,.,.,.,24,0.623,3.569,.,.,79,33,20.6372
TON,2021,May,11,1,4.13,15.77,.,.,.,10,0.245,1.497,.,.,79,32,20.6372
TON,2021,May,12,1,10.104,24.42,.,.,.,9,0.245,1.497,.,.,121,52,20.6372
TON,2021,May,13,1,13.65,50.76,0.223,.,.,24,0.245,1.497,1.861,.,86,22,20.6372
TON,2021,May,14,1,9.23,57.75,0.064,.,.,12,0.245,1.497,1.861,.,81,18,20.6372
TON,2021,May,15,1,4.97,66.441,.,.,.,35,0.245,1.497,.,.,69,22,20.6372
TON,2021,May,16,1,10.93,15.78,.,.,.,12,0.089,10.548,.,.,94,43,20.6372
TON,2021,May,17,1,1.31,2.147,.,.,.,3,0.089,10.548,.,.,80,43,20.6372
TON,2021,May,18,1,10.61,39.96,.,.,.,9,0.089,10.548,.,.,84,40,20.6372
TON,2021,May,19,1,4.07,49.097,.,.,.,10,0.089,10.548,.,.,76,41,20.6372
TON,2021,May,20,1,8.79,5.13,.,.,.,5,0.089,10.548,.,.,100,61,20.6372
TON,2021,June,1,2,26.765,17.902,.,.,.,31,0.539,11.605,.,.,102,58,20.8893
TON,2021,June,2,2,31.808,75.75,.,.,.,79,0.539,11.605,.,.,98,65,20.8893
TON,2021,June,3,2,7.948,13.156,.,.,.,52,0.539,11.605,.,.,94,46,20.8893
TON,2021,June,4,2,5.379,27.277,.,.,.,23,0.539,11.605,.,.,77,39,20.8893
TON,2021,June,5,2,3.327,23.404,.,.,.,19,0.539,11.605,.,.,86,41,20.8893
TON,2021,June,6,2,3.33,3.789,.,.,.,15,0.629,9.928,.,.,84,53,20.8893
TON,2021,June,7,2,1.29,0.916,.,.,.,6,0.629,9.928,.,.,81,53,20.8893
TON,2021,June,8,2,0.707,2.58,.,.,.,5,0.629,9.928,.,.,77,60,20.8893
TON,2021,June,9,2,9.744,10.893,.,.,.,38,0.629,9.928,.,.,86,43,20.8893
TON,2021,June,10,2,10.445,4.503,.,.,.,26,0.629,9.928,.,.,37,43,20.8893
TON,2021,June,11,2,6.302,44.59,.,.,.,20,0.513,8.402,.,.,81,36,20.8893
TON,2021,June,12,2,16.994,21.804,0.786,.,.,27,0.513,8.402,0.757,.,147,30,20.8893
TON,2021,June,13,2,22.537,27.841,1.056,.,.,30,0.513,8.402,0.757,.,132,27,20.8893
TON,2021,June,14,2,11.314,26.393,0.714,.,.,16,0.513,8.402,0.757,.,119,15,20.8893
TON,2021,June,15,2,2.314,6.889,.,.,.,20,0.513,8.402,.,.,86,2,20.8893
TON,2021,June,16,2,4.825,9.588,.,.,.,17,0.274,5.133,.,.,79,28,20.8893
TON,2021,June,17,2,28.397,52.887,.,.,.,25,0.274,5.133,.,.,119,58,20.8893
TON,2021,June,18,2,13.561,26.367,.,.,.,38,0.274,5.133,.,.,112,27,20.8893
TON,2021,June,19,2,5.857,49.9,0.251,.,.,46,0.274,5.133,0.757,.,104,48,20.8893
TON,2021,June,20,2,16.883,44.381,.,.,.,25,0.274,5.133,.,.,124,51,20.8893
TON,2021,July,1,3,25.165,68.688,2.07,.,.,68,1.794,7.192,4.861,.,126,30,20.7151
TON,2021,July,2,3,29.087,56.691,2.174,.,.,35,1.794,7.192,4.861,.,147,22,20.7151
TON,2021,July,3,3,12.525,38.783,.,.,.,36,1.794,7.192,.,.,96.5,43,20.7151
TON,2021,July,4,3,10.651,1.452,0.73,.,.,7,1.794,7.192,4.861,.,101.5,56,20.7151
TON,2021,July,5,3,30.315,10.933,0.231,0.112,4,45,1.794,7.192,4.861,24.031,123,53,20.7151
TON,2021,July,6,3,21.31,14.05,.,0.125,1,38,0.623,4.562,.,24.031,124.5,67,20.7151
TON,2021,July,7,3,38.842,21.023,0.423,0.513,4,53,0.623,4.562,4.861,24.031,113,47,20.7151
TON,2021,July,8,3,22.658,30.042,.,.,.,62,0.623,4.562,.,.,96.5,51,20.7151
TON,2021,July,9,3,20.969,13.324,0.35,.,.,32,0.623,4.562,4.861,.,127,59,20.7151
TON,2021,July,10,3,16.086,4.927,.,0.1,3,25,0.623,4.562,.,24.031,116,60,20.7151
TON,2021,July,11,3,38.278,22.407,.,.,.,95,1.416,11.329,.,.,108.5,53,20.7151
TON,2021,July,12,3,41.224,19.819,0.368,.,.,82,1.416,11.329,2.675,.,132,56,20.7151
TON,2021,July,13,3,19.602,33.694,0.068,.,.,45,1.416,11.329,2.675,.,112,69,20.7151
TON,2021,July,14,3,50.576,21.47,0.374,.,.,90,1.416,11.329,2.675,.,132,63,20.7151
TON,2021,July,15,3,20.445,5.21,.,0.715,7,32,1.416,11.329,.,24.031,136.5,79,20.7151
TON,2021,July,16,3,8.657,1.943,.,.,.,20,0.374,9.212,.,.,120,71,20.7151
TON,2021,July,17,3,15.355,22.942,0.455,.,.,23,0.374,9.212,2.675,.,122.5,65,20.7151
TON,2021,July,18,3,8.768,5.649,0.248,.,.,23,0.374,9.212,2.675,.,105,30,20.7151
TON,2021,July,19,3,16.632,8.771,2.191,.,.,19,0.374,9.212,2.675,.,150,52,20.7151
TON,2021,July,20,3,21.169,32.626,.,.,.,33,0.374,9.212,.,.,116,38,20.7151
TON,2021,August,1,4,16.997,21.56,0.25,3.204,129,45,1.456,5.407,3.628,22.542,121,51,20.5648
TON,2021,August,2,4,18.826,10.01,.,.,.,27,1.456,5.407,.,.,123,48,20.5648
TON,2021,August,3,4,21.641,8.408,.,.,.,30,1.456,5.407,.,.,122,42,20.5648
TON,2021,August,4,4,26.15,7.834,.,0.476,43,32,1.456,5.407,.,22.542,105,42,20.5648
TON,2021,August,5,4,7.757,1.005,.,.,.,3,1.456,5.407,.,.,102,51,20.5648
TON,2021,August,6,4,2.655,1.24,.,.,.,6,0.994,2.187,.,.,95,46,20.5648
TON,2021,August,7,4,5.072,1.176,.,.,.,20,0.994,2.187,.,.,83,50,20.5648
TON,2021,August,8,4,3.952,0.544,.,0.0001,1,14,0.994,2.187,.,22.542,98,48,20.5648
TON,2021,August,9,4,7.893,0.067,0.522,0.011,2,4,0.994,2.187,3.628,22.542,122,39,20.5648
TON,2021,August,10,4,5.75,5.993,.,0.54,16,85,0.994,2.187,.,22.542,89,38,20.5648
TON,2021,August,11,4,10.472,19.169,.,.,.,24,0.670,1.548,.,.,91,43,20.5648
TON,2021,August,12,4,5.381,3.52,.,0.003,1,11,0.670,1.548,.,22.542,91,48,20.5648
TON,2021,August,13,4,7.316,8.535,.,0.341,14,22,0.670,1.548,.,22.542,107,51,20.5648
TON,2021,August,14,4,2.766,57.167,.,.,.,32,0.670,1.548,.,.,91,46,20.5648
TON,2021,August,15,4,0.882,0.83,.,.,.,8,0.670,1.548,.,.,72,41,20.5648
TON,2021,August,16,4,4.765,1.962,.,0.012,2,15,1.105,4.806,.,22.542,82,41,20.5648
TON,2021,August,17,4,6.374,0.942,.,.,.,.,1.105,4.806,.,.,91,43,20.5648
TON,2021,August,18,4,16.01,7.674,.,0.06,5,62,1.105,4.806,.,22.542,102,48,20.5648
TON,2021,August,19,4,3.593,0.987,.,.,.,11,1.105,4.806,.,.,95,51,20.5648
TON,2021,August,20,4,5.667,4.639,0.874,.,.,28,1.105,4.806,3.628,.,94,51,20.5648
TON,2021,September,1,5,12.565,19.559,1.074,4.107,100,11,0.573,1.911,3.047,23.907,112,13,19.8482
TON,2021,September,2,5,8.283,18.432,.,2.568,89,14,0.573,1.911,.,23.907,69,13,19.8482
TON,2021,September,3,5,8.032,31.14,1.585,2.875,69,12,0.573,1.911,3.047,23.907,94,4,19.8482
TON,2021,September,4,5,8.95,16.366,0.288,0.782,15,8,0.573,1.911,3.047,23.907,104,15,19.8482
TON,2021,September,5,5,17.875,54.479,0.887,0.278,8,13,0.573,1.911,3.047,23.907,117,0,19.8482
TON,2021,September,6,5,7.183,7.26,.,1.075,36,7,1.040,2.139,.,23.907,120,0,19.8482
TON,2021,September,7,5,5.848,53.948,1.338,.,.,6,1.040,2.139,3.047,.,120,0,19.8482
TON,2021,September,8,5,4.553,23.621,.,1.14,33,7,1.040,2.139,.,23.702,74,23,19.8482
TON,2021,September,9,5,9.827,35.82,.,0.9,29,9,1.040,2.139,.,23.702,93,1.5,19.8482
TON,2021,September,10,5,13.183,67.534,1.122,5.702,171,25,1.040,2.139,3.047,23.702,77,8,19.8482
TON,2021,September,11,5,26.121,72.747,3.213,0.717,9,11,0.750,12.590,3.047,23.702,107,0,19.8482
TON,2021,September,12,5,19.044,10.77,2.612,.,.,7,0.750,12.590,3.047,.,128,0,19.8482
TON,2021,September,13,5,18.019,10.588,1.721,0.999,32,9,0.750,12.590,3.047,23.702,126,20,19.8482
TON,2021,September,14,5,28.033,85.316,1.047,0.215,8,24,0.750,12.590,3.047,23.702,113,2.5,19.8482
TON,2021,September,15,5,15.373,18.474,1.865,0.671,8,10,0.750,12.590,3.047,21.316,122,13,19.8482
TON,2021,September,16,5,6.129,21.889,.,2.725,82,5,0.926,9.723,.,21.316,107,16,19.8482
TON,2021,September,17,5,22.235,34.664,.,7.812,177,24,0.926,9.723,.,21.316,121,18,19.8482
TON,2021,September,18,5,17.634,44.247,1.493,4.49,98,9,0.926,9.723,3.047,21.316,115,4.5,19.8482
TON,2021,September,19,5,16.218,49.108,1.361,7.702,50,28,0.926,9.723,3.047,21.316,137,17,19.8482
TON,2021,September,20,5,36.377,47.305,1.217,0.857,21,14,0.926,9.723,3.047,21.316,137,9,19.8482
TON,2021,October,1,6,7.958,44.458,0.198,3.438,50,23,0.725,25.407,2.982,28.748,119,4,19.4700
TON,2021,October,2,6,10.64,18.712,0.412,0.814,13,15,0.725,25.407,2.982,28.748,102,4,19.4700
TON,2021,October,3,6,8,7.676,0.562,2.144,54,38,0.725,25.407,2.982,28.748,83,44,19.4700
TON,2021,October,4,6,7.15,7.356,.,2.558,63,12,0.725,25.407,.,28.748,84,45,19.4700
TON,2021,October,5,6,6.422,3.238,.,1.45,42,28,0.725,25.407,.,28.748,85,38,19.4700
TON,2021,October,6,6,5.254,1.422,0.7,0.632,29,5,0.725,19.140,2.982,24.578,103,37,19.4700
TON,2021,October,7,6,8.06,6.802,.,1.332,14,14,0.725,19.140,.,24.578,83,34,19.4700
TON,2021,October,8,6,4.858,9.7,.,3.702,63,15,0.725,19.140,.,24.578,41,34,19.4700
TON,2021,October,9,6,13.5,10.192,.,4.478,87,10,0.725,19.140,.,24.578,86,38,19.4700
TON,2021,October,10,6,8.358,11.672,.,3.694,71,24,0.725,19.140,.,24.578,90,39,19.4700
TON,2021,October,11,6,3.471,3.282,.,0.562,8,8,0.466,16.336,.,30.147,94,34,19.4700
TON,2021,October,12,6,5.71,19.976,.,2.164,30,5,0.466,16.336,.,30.147,67,38,19.4700
TON,2021,October,13,6,4.554,3.048,.,1.646,28,7,0.466,16.336,.,30.147,81,32,19.4700
TON,2021,October,14,6,6.17,8.204,.,2.85,39,11,0.466,16.336,.,30.147,98,39,19.4700
TON,2021,October,15,6,6.158,14.944,.,1.814,47,18,0.466,16.336,.,30.147,85,34,19.4700
TON,2021,October,16,6,3.886,7.274,.,0.858,13,11,2.640,10.285,.,29.311,76,37,19.4700
TON,2021,October,17,6,8.652,33.05,.,3.65,68,16,2.640,10.285,.,29.311,89,34,19.4700
TON,2021,October,18,6,6.486,11.75,.,2.24,56,12,2.640,10.285,.,29.311,88,17,19.4700
TON,2021,October,19,6,6.47,6.04,.,0.556,16,8,2.640,10.285,.,29.311,90,41,19.4700
TON,2021,October,20,6,17.196,26.022,.,10.218,141,29,2.640,10.285,.,29.311,100,34,19.4700
TON,2022,May,1,8,7.065,6.422,.,0.641,7,8,0.882,15.454,.,27.333,89,30.5,19.9094
TON,2022,May,2,8,9.411,14.778,.,0.563,23,6,0.882,15.454,.,27.333,70,25,19.9094
TON,2022,May,3,8,4.907,14.57,.,1.131,36,7,0.882,15.454,.,27.333,61,28,19.9094
TON,2022,May,4,8,11.734,29.755,.,10.316,390,10,0.882,15.454,.,27.333,76,33,19.9094
TON,2022,May,5,8,5.567,2.496,.,2.388,80,4,0.882,15.454,.,27.333,80,38,19.9094
TON,2022,May,6,8,5.151,20.217,.,0.567,17,13,0.386,18.143,.,27.908,72.5,29,19.9094
TON,2022,May,7,8,3.371,8.884,0.092,4.136,88,5,0.386,18.143,.,27.908,66,28,19.9094
TON,2022,May,8,8,2.732,1.13,0.043,0.319,9,3,0.386,18.143,.,27.908,84,48,19.9094
TON,2022,May,9,8,1.96,11.073,0.051,3.084,162,7,0.386,18.143,.,27.908,54.5,23,19.9094
TON,2022,May,10,8,1.499,14.36,0.032,0.598,35,4,0.386,18.143,.,27.908,61,28,19.9094
TON,2022,May,11,8,1.35,3.19,.,0.35,11,6,0.024,17.418,.,25.406,66,38,19.9094
TON,2022,May,12,8,1.683,5.451,.,0.711,19,3,0.024,17.418,.,25.406,63.5,30.5,19.9094
TON,2022,May,13,8,1.778,4.926,0.068,2.793,71,5,0.024,17.418,.,25.406,70,33,19.9094
TON,2022,May,14,8,2.26,14.076,.,2.184,39,6,0.024,17.418,.,25.406,48,15,19.9094
TON,2022,May,15,8,3.038,4.64,.,1.564,27,12,0.024,17.418,.,25.406,48,29,19.9094
TON,2022,May,16,8,3.932,18.579,.,0.3669,15,8,0.173,5.040,.,10.903,61,20,19.9094
TON,2022,May,17,8,2.042,4.793,.,0.761,28,.,0.173,5.040,.,10.903,85,43,19.9094
TON,2022,May,18,8,2.625,2.314,0.028,0.144,8,5,0.173,5.040,.,10.903,72.5,32,19.9094
TON,2022,May,19,8,4.647,8.544,.,1.24,48,5,0.173,5.040,.,10.903,81,43,19.9094
TON,2022,May,20,8,1.876,0.695,0.04,0.921,49,5,0.173,5.040,.,10.903,72.5,39.5,19.9094
TON,2022,June,1,9,9.23,6.45,0.332,0.028,1,23,0.245,1.370,1.606,25.019,118.1,18.4,23.6512
TON,2022,June,2,9,18.156,18.134,.,0.056,8,33,0.245,1.370,.,25.019,129.5,44.5,23.6512
TON,2022,June,3,9,17.672,34.002,0.258,.,.,130,0.245,1.370,1.606,.,106.7,24.1,23.6512
TON,2022,June,4,9,7.966,4.796,0.238,0.044,3,19,0.245,1.370,1.606,25.019,124.5,31.8,23.6512
TON,2022,June,5,9,2.554,2.28,.,.,.,11,0.245,1.370,.,.,86.4,25.4,23.6512
TON,2022,June,6,9,7.306,1.892,0.228,0.108,3,19,0.767,8.266,1.606,25.019,128.3,38.1,23.6512
TON,2022,June,7,9,14.288,9.302,0.252,0.074,7,24,0.767,8.266,1.606,25.019,105.4,36.8,23.6512
TON,2022,June,8,9,6.89,2.794,.,.,.,8,0.767,8.266,.,.,101.6,52.1,23.6512
TON,2022,June,9,9,10.534,2.304,0.598,0.108,5,8,0.767,8.266,1.606,25.019,194.3,33,23.6512
TON,2022,June,10,9,9.151,18.388,0.458,0.482,5,29,0.767,8.266,1.606,25.019,132.1,27.3,23.6512
TON,2022,June,11,9,9.586,2.446,0.258,.,.,22,0.647,2.837,3.069,.,123.2,37.5,23.6512
TON,2022,June,12,9,6.802,3.372,.,0.02,2,36,0.647,2.837,.,25.019,102.2,48.3,23.6512
TON,2022,June,13,9,8.508,17.046,0.204,.,.,17,0.647,2.837,3.069,.,193,50.2,23.6512
TON,2022,June,14,9,7.214,2.392,.,0.116,2,27,0.647,2.837,.,25.019,99.7,47,23.6512
TON,2022,June,15,9,11.41,2.214,0.26,.,.,16,0.647,2.837,3.069,.,117.5,26.9,23.6512
TON,2022,June,16,9,13.168,11.974,.,0.084,7,29,0.856,5.772,.,25.019,107.4,44.7,23.6512
TON,2022,June,17,9,10.344,4.738,0.348,0.186,3,27,0.856,5.772,3.069,25.019,116.3,32.3,23.6512
TON,2022,June,18,9,7.668,13.672,0.706,0.118,6,28,0.856,5.772,3.069,25.019,140,43.2,23.6512
TON,2022,June,19,9,10.534,4.22,0.79,.,.,18,0.856,5.772,3.069,.,134.6,45.1,23.6512
TON,2022,June,20,9,8.628,1.89,1.79,.,.,7,0.856,5.772,3.069,.,160.7,45.7,23.6512
TON,2022,July,1,10,10.11,11.902,.,3.34,236,74,0.471,4.677,.,18.389,121,22,25.1191
TON,2022,July,2,10,3.876,1.026,.,.,.,25,0.471,4.677,.,.,61,25,25.1191
TON,2022,July,3,10,3.71,1.226,.,0.018,2,26,0.471,4.677,.,18.389,65,28,25.1191
TON,2022,July,4,10,2.514,0.13,.,.,.,6,0.471,4.677,.,.,67,29,25.1191
TON,2022,July,5,10,7.602,3.296,.,.,.,21,0.471,4.677,.,.,76,25,25.1191
TON,2022,July,6,10,12.952,4.396,.,.,.,17,1.165,0.917,.,.,89,22,25.1191
TON,2022,July,7,10,9.418,4.59,.,0.034,4,25,1.165,0.917,.,18.389,83,33,25.1191
TON,2022,July,8,10,10.18,6.402,.,.,.,28,1.165,0.917,.,.,91,34,25.1191
TON,2022,July,9,10,10.918,6.778,.,0.446,52,35,1.165,0.917,.,18.389,90,30,25.1191
TON,2022,July,10,10,16.046,4.222,.,0.034,3,70,1.165,0.917,.,18.389,77,25,25.1191
TON,2022,July,11,10,5.474,1.684,.,0.022,1,25,1.636,6.034,.,18.389,74,38,25.1191
TON,2022,July,12,10,13.034,7.178,0.278,0.13,9,22,1.636,6.034,0.286,18.389,104,28,25.1191
TON,2022,July,13,10,11.252,5.61,0.126,0.036,3,28,1.636,6.034,0.286,18.389,84,28,25.1191
TON,2022,July,14,10,11.166,4.18,0.198,0.152,15,30,1.636,6.034,0.286,18.389,84,30,25.1191
TON,2022,July,15,10,12.844,5.008,.,0.12,5,27,1.636,6.034,.,18.389,81,30,25.1191
TON,2022,July,16,10,5.542,1.926,.,.,.,24,0.991,6.150,.,.,69,37,25.1191
TON,2022,July,17,10,5.986,4.536,.,0.116,3,28,0.991,6.150,.,18.389,88,30,25.1191
TON,2022,July,18,10,5.55,2.004,.,.,.,26,0.991,6.150,.,.,89,43,25.1191
TON,2022,July,19,10,9.854,7.126,.,0.062,3,36,0.991,6.150,.,18.389,86,38,25.1191
TON,2022,July,20,10,2.42,0.72,.,.,.,7,0.991,6.150,.,.,91,53,25.1191
TON,2022,August,1,11,2.726,2.942,.,.,.,31,1.643,17.237,.,.,57.2,21.6,24.0042
TON,2022,August,2,11,4.506,2.893,.,0.222,15,21,1.643,17.237,.,26.190,58.4,11.4,24.0042
TON,2022,August,3,11,7.211,8.25,.,1.95,54,30,1.643,17.237,.,26.190,76.2,12.7,24.0042
TON,2022,August,4,11,4.75,2.854,.,1.747,80,20,1.643,17.237,.,26.190,68.6,10.2,24.0042
TON,2022,August,5,11,5.594,4.245,.,0.251,18,29,1.643,17.237,.,26.190,66,17.8,24.0042
TON,2022,August,6,11,4.544,4.629,.,0.778,43,28,1.157,1.735,.,26.190,72.4,12.7,24.0042
TON,2022,August,7,11,9.469,7.967,0.168,0.756,35,27,1.157,1.735,.,26.190,73.7,10.2,24.0042
TON,2022,August,8,11,7.385,9.852,.,2.355,96,21,1.157,1.735,.,27.902,77.5,15.2,24.0042
TON,2022,August,9,11,5.53,7.848,0.111,2.091,84,29,1.157,1.735,.,27.902,68.6,12.7,24.0042
TON,2022,August,10,11,7.992,9.829,.,1.322,47,30,1.157,1.735,.,27.902,81.3,25.4,24.0042
TON,2022,August,11,11,9.072,9.619,.,1.844,65,49,0.845,11.432,.,27.902,83.8,27.9,24.0042
TON,2022,August,12,11,5.487,2.301,.,0.096,8,29,0.845,11.432,.,27.902,81.3,30.5,24.0042
TON,2022,August,13,11,1.853,1.725,.,.,.,9,0.845,11.432,.,.,82.6,30.5,24.0042
TON,2022,August,14,11,4.636,2.407,.,0.026,4,18,0.845,11.432,.,27.902,83.8,33,24.0042
TON,2022,August,15,11,6.782,3.177,.,0.442,30,30,0.845,11.432,.,7.853,93.98,22.9,24.0042
TON,2022,August,16,11,5.018,8.115,.,0.521,27,23,0.489,7.712,.,7.853,35.6,35.6,24.0042
TON,2022,August,17,11,4.674,1.536,.,0.023,5,19,0.489,7.712,.,7.853,78.7,29.2,24.0042
TON,2022,August,18,11,4.041,3.36,.,0.861,39,18,0.489,7.712,.,7.853,78.7,25.4,24.0042
TON,2022,August,19,11,7.075,3.562,.,0.027,9,49,0.489,7.712,.,7.853,81.3,40.6,24.0042
TON,2022,August,20,11,3.733,2.153,.,0.148,11,12,0.489,7.712,.,7.853,99.1,45.7,24.0042
TON,2022,September,1,12,10.397,12.336,0.916,2.112,62,31,0.048,21.699,2.866,28.176,70,2.5,18.8955
TON,2022,September,2,12,2.239,2.477,.,0.207,11,11,0.048,21.699,.,28.176,51,10,18.8955
TON,2022,September,3,12,3.611,7.361,.,0.367,23,38,0.048,21.699,.,28.176,49.5,15,18.8955
TON,2022,September,4,12,3.396,4.329,.,1.119,40,20,0.048,21.699,.,28.176,66,16.5,18.8955
TON,2022,September,5,12,2.594,3.448,.,1.722,90,13,0.048,21.699,.,28.176,61,15,18.8955
TON,2022,September,6,12,2.142,1.908,.,0.523,31,11,0.000,17.150,.,22.313,58,13,18.8955
TON,2022,September,7,12,3.958,7.672,.,2.146,52,20,0.000,17.150,.,22.313,61,5,18.8955
TON,2022,September,8,12,1.721,4.602,.,0.287,9,19,0.000,17.150,.,22.313,48,2.5,18.8955
TON,2022,September,9,12,5.134,7.288,0.788,1.73,53,10,0.000,17.150,2.866,22.313,119,8,18.8955
TON,2022,September,10,12,8.071,4.134,1.048,2.476,73,11,0.000,17.150,2.866,22.313,142,5,18.8955
TON,2022,September,11,12,4.604,22.866,.,4.577,61,27,0.072,16.599,.,27.994,101.5,9,18.8955
TON,2022,September,12,12,4.975,13.859,.,0.829,30,15,0.072,16.599,.,27.994,68.5,20,18.8955
TON,2022,September,13,12,9.523,8.013,.,6.006,163,26,0.072,16.599,.,27.994,99,15,18.8955
TON,2022,September,14,12,3.944,2.989,.,1.663,66,18,0.072,16.599,.,27.994,63.5,19,18.8955
TON,2022,September,15,12,2.139,2.869,.,0.651,27,19,0.072,16.599,.,27.994,60,25,18.8955
TON,2022,September,16,12,2.611,5.705,.,0.107,7,12,0.166,17.150,.,25.653,48,18,18.8955
TON,2022,September,17,12,7.511,4.955,.,3.823,105,19,0.166,17.150,.,25.653,84,27,18.8955
TON,2022,September,18,12,4.088,3.384,.,1.051,53,24,0.166,17.150,.,25.653,76,30.5,18.8955
TON,2022,September,19,12,19.845,10.693,1.765,8.021,189,30,0.166,17.150,2.866,25.653,122,21.5,18.8955
TON,2022,September,20,12,5.605,7.032,.,5.955,216,37,0.166,17.150,.,25.653,66,15,18.8955
UI,2021,May,1,1,2.042,3.809,.,.,.,4,0.6997,8.2493,.,.,36,12.5,20.8248
UI,2021,May,2,1,1.2,1.56,.,.,.,10,0.6997,8.2493,.,.,40,23,20.8248
UI,2021,May,3,1,1.118,2.284,.,.,.,6,0.6997,8.2493,.,.,51,29,20.8248
UI,2021,May,4,1,5.32,16.35,.,.,.,21,0.6997,8.2493,.,.,47,27,20.8248
UI,2021,May,5,1,1.17,1.93,.,.,.,17,0.6997,8.2493,.,.,44,26,20.8248
UI,2021,May,6,1,4.7,35.48,.,.,.,13,2.1974,8.3933,.,.,45.5,0,20.8248
UI,2021,May,7,1,1.499,8.497,.,.,.,10,2.1974,8.3933,.,.,21,0,20.8248
UI,2021,May,8,1,1.9,4.58,.,.,.,11,2.1974,8.3933,.,.,29,6.5,20.8248
UI,2021,May,9,1,2.04,2.02,.,.,.,14,2.1974,8.3933,.,.,54,34,20.8248
UI,2021,May,10,1,2.334,2.154,.,.,.,17,2.1974,8.3933,.,.,59,44,20.8248
UI,2021,May,11,1,0.85,2.15,.,.,.,5,0.6122,4.0297,.,.,41,36.5,20.8248
UI,2021,May,12,1,6.13,1.46,.,.,.,16,0.6122,4.0297,.,.,49,2,20.8248
UI,2021,May,13,1,13.05,28.306,0.055,.,.,21,0.6122,4.0297,1.8609,.,62,0,20.8248
UI,2021,May,14,1,1.267,4.674,.,.,.,14,0.6122,4.0297,.,.,38,0,20.8248
UI,2021,May,15,1,0.785,30,.,.,.,11,0.6122,4.0297,.,.,28,10,20.8248
UI,2021,May,16,1,1.69,1.829,.,.,.,8,0.8092,6.3946,.,.,44.2,33.5,20.8248
UI,2021,May,17,1,0.32,0.597,.,.,.,4,0.8092,6.3946,.,.,46,64,20.8248
UI,2021,May,18,1,1.599,34.24,.,.,.,4,0.8092,6.3946,.,.,22,11,20.8248
UI,2021,May,19,1,2.434,14.27,.,.,.,21,0.8092,6.3946,.,.,44,30,20.8248
UI,2021,May,20,1,2.42,4.521,.,.,.,11,0.8092,6.3946,.,.,63,40,20.8248
UI,2021,June,1,2,4.824,1.684,.,.,.,38,0.5610,6.4753,.,.,74.5,61,20.8872
UI,2021,June,2,2,11.035,4.61,0.118,.,.,30,0.5610,6.4753,2.1737,.,64,10.5,20.8872
UI,2021,June,3,2,10.143,10.681,0.526,.,.,31,0.5610,6.4753,2.1737,.,58,13,20.8872
UI,2021,June,4,2,3.156,5.085,.,.,.,44,0.5610,6.4753,.,.,50,19,20.8872
UI,2021,June,5,2,3.423,0.454,.,.,.,19,0.5610,6.4753,.,.,46.5,46.5,20.8872
UI,2021,June,6,2,1.247,6.057,.,.,.,35,0.2248,10.8342,.,.,46.5,36,20.8872
UI,2021,June,7,2,2.656,2.657,0.14,.,.,.,0.2248,10.8342,2.1737,.,36.5,13.5,20.8872
UI,2021,June,8,2,4.32,5.997,0.303,.,.,25,0.2248,10.8342,2.1737,.,75.5,15.5,20.8872
UI,2021,June,9,2,13.277,8.48,1.206,.,.,16,0.2248,10.8342,2.1737,.,74,10.5,20.8872
UI,2021,June,10,2,2.51,1.183,.,.,.,7,0.2248,10.8342,.,.,70,37.5,20.8872
UI,2021,June,11,2,11.852,46.266,1.769,.,.,21,0.9351,22.6160,2.1737,.,46,0,20.8872
UI,2021,June,12,2,5.185,6.989,0.237,.,.,23,0.9351,22.6160,1.2212,.,43,11.5,20.8872
UI,2021,June,13,2,1.813,9.832,0.124,.,.,21,0.9351,22.6160,1.2212,.,20.5,0,20.8872
UI,2021,June,14,2,6.003,5.447,0.335,.,.,21,0.9351,22.6160,1.2212,.,41,13.5,20.8872
UI,2021,June,15,2,20.316,7.103,.,.,.,65,0.9351,22.6160,.,.,84,79.5,20.8872
UI,2021,June,16,2,3.079,.,0.19,.,.,.,0.9117,10.1688,1.2212,.,39,8.5,20.8872
UI,2021,June,17,2,0.56,3.132,.,.,.,28,0.9117,10.1688,.,.,25.5,13,20.8872
UI,2021,June,18,2,1.656,2.039,.,.,.,32,0.9117,10.1688,.,.,42.5,40,20.8872
UI,2021,June,19,2,8.144,12.02,.,.,.,58,0.9117,10.1688,.,.,42.5,21,20.8872
UI,2021,June,20,2,14.645,11.3,1.35,.,.,28,0.9117,10.1688,1.2212,.,50.5,8.5,20.8872
UI,2021,July,1,3,6.386,1.198,.,.,.,14,0.3908,4.2985,.,.,113,63,20.8835
UI,2021,July,2,3,11.246,1.388,0.316,.,.,31,0.3908,4.2985,1.7341,.,114,63.5,20.8835
UI,2021,July,3,3,6.525,4.56,0.234,.,.,40,0.3908,4.2985,1.7341,.,53.5,23,20.8835
UI,2021,July,4,3,22.937,12.117,0.529,0.053,1,67,0.3908,4.2985,1.7341,.,82,37.5,20.8835
UI,2021,July,5,3,27.63,5.368,3.238,0.151,5,20,0.3908,4.2985,1.7341,.,101,31,20.8835
UI,2021,July,6,3,4.094,1.689,.,.,.,17,1.2456,16.2171,.,.,75.5,50.5,20.8835
UI,2021,July,7,3,12.473,6.316,0.28,0.071,6,46,1.2456,16.2171,1.7341,.,70,28,20.8835
UI,2021,July,8,3,4.011,2.013,.,.,.,24,1.2456,16.2171,.,.,96.5,32.5,20.8835
UI,2021,July,9,3,11.404,4.701,0.919,.,.,24,1.2456,16.2171,1.7341,.,87,30,20.8835
UI,2021,July,10,3,12.795,23.321,0.869,1.694,9,12,1.2456,16.2171,3.4437,.,67.5,24,20.8835
UI,2021,July,11,3,29.072,14.896,2.325,.,.,69,1.6119,14.2877,3.4437,.,99,33,20.8835
UI,2021,July,12,3,8.785,1.067,0.55,.,.,29,1.6119,14.2877,3.4437,.,88.5,59,20.8835
UI,2021,July,13,3,18.626,7.182,.,.,.,91,1.6119,14.2877,.,.,100,63.5,20.8835
UI,2021,July,14,3,8.514,33.914,0.799,.,.,32,1.6119,14.2877,3.4437,.,55,31.5,20.8835
UI,2021,July,15,3,4.104,8.737,1.472,.,.,41,1.6119,14.2877,3.4437,.,45.5,28.5,20.8835
UI,2021,July,16,3,2.087,0.797,.,.,.,19,2.2545,16.6323,.,.,49,54,20.8835
UI,2021,July,17,3,6.01,10.807,0.248,.,.,37,2.2545,16.6323,3.4437,.,52.5,18.5,20.8835
UI,2021,July,18,3,5.534,14.018,0.208,.,.,45,2.2545,16.6323,3.4437,.,50,31,20.8835
UI,2021,July,19,3,8.782,5.354,.,0.018,1,36,2.2545,16.6323,.,.,80.5,54.5,20.8835
UI,2021,July,20,3,13.268,19.975,.,.,.,17,2.2545,16.6323,.,.,75.5,30,20.8835
UI,2021,August,1,4,37.364,14.456,0.469,.,.,27,1.5292,12.1547,4.3498,.,152,51,20.8889
UI,2021,August,2,4,32.807,3.744,.,.,.,22,1.5292,12.1547,.,.,115,35.5,20.8889
UI,2021,August,3,4,18.108,16.388,0.691,0.453,17,53,1.5292,12.1547,4.3498,27.6849,172,59,20.8889
UI,2021,August,4,4,16.992,7.153,.,0.91,42,28,1.5292,12.1547,.,27.6849,122,14.5,20.8889
UI,2021,August,5,4,6.258,2.552,0.218,0.165,25,15,1.5292,12.1547,4.3498,27.6849,121,7,20.8889
UI,2021,August,6,4,18.093,4.663,0.439,0.071,7,26,0.3790,5.7437,4.3498,27.6849,99,15.5,20.8889
UI,2021,August,7,4,15.935,5.612,.,.,.,31,0.3790,5.7437,.,.,90.5,25,20.8889
UI,2021,August,8,4,19.998,11.661,.,0.498,12,35,0.3790,5.7437,.,27.6849,104,23.5,20.8889
UI,2021,August,9,4,18.334,6.498,0.338,0.164,17,27,0.3790,5.7437,4.3498,27.6849,108,8,20.8889
UI,2021,August,10,4,12.713,3.412,0.27,.,.,16,0.3790,5.7437,4.3498,.,75,6.5,20.8889
UI,2021,August,11,4,3.503,10.014,.,.,.,26,0.9613,15.4310,.,.,108,13.5,20.8889
UI,2021,August,12,4,27.383,18.563,.,.,.,61,0.9613,15.4310,.,.,85.5,22.5,20.8889
UI,2021,August,13,4,10.951,5.213,1.737,0.244,17,36,0.9613,15.4310,4.3498,27.6849,107,28.5,20.8889
UI,2021,August,14,4,37.246,3.014,.,2.008,46,17,0.9613,15.4310,.,27.6849,146,50.5,20.8889
UI,2021,August,15,4,5.035,2.015,.,.,.,25,0.9613,15.4310,.,.,132,45,20.8889
UI,2021,August,16,4,26.308,6.242,0.516,0.026,4,34,1.9179,11.9920,4.3498,27.6849,70,18.5,20.8889
UI,2021,August,17,4,13.073,2.936,.,0.042,4,26,1.9179,11.9920,.,27.6849,64,38.5,20.8889
UI,2021,August,18,4,3.858,2.507,0.161,0.367,60,29,1.9179,11.9920,4.3498,27.6849,63.5,0,20.8889
UI,2021,August,19,4,20.946,11.331,0.266,2.327,130,72,1.9179,11.9920,4.3498,27.6849,66,19.5,20.8889
UI,2021,August,20,4,19.939,23.25,1.4701,1.067,63,69,1.9179,11.9920,4.3498,27.6849,104,15,20.8889
UI,2021,September,1,5,43.595,33.713,.,9.96,223,33,0.8440,14.4730,.,23.2696,155,48.5,20.6363
UI,2021,September,2,5,7.838,4.406,.,2.578,100,12,0.8440,14.4730,.,23.2696,90,13.5,20.6363
UI,2021,September,3,5,37.099,8.865,1.082,5.359,144,9,0.8440,14.4730,2.7601,23.2696,163.5,57.5,20.6363
UI,2021,September,4,5,3.313,3.639,.,0.395,19,8,0.8440,14.4730,.,23.2696,72,25.5,20.6363
UI,2021,September,5,5,30.277,10.402,0.621,9.265,332,26,0.8440,14.4730,2.7601,23.2696,96,10,20.6363
UI,2021,September,6,5,18.674,18.903,0.475,0.44,14,16,0.6549,5.0286,2.7601,24.5648,90.5,19.5,20.6363
UI,2021,September,7,5,39.35,9.06,0.569,4.891,48,14,0.6549,5.0286,2.7601,24.5648,109,18.5,20.6363
UI,2021,September,8,5,33.821,12.601,0.486,3.912,134,18,0.6549,5.0286,2.7601,24.5648,138,7,20.6363
UI,2021,September,9,5,8.767,6.546,.,1.154,30,17,0.6549,5.0286,.,24.5648,91,6,20.6363
UI,2021,September,10,5,12.758,14.685,0.547,4.243,128,16,0.6549,5.0286,2.7601,24.5648,116,4,20.6363
UI,2021,September,11,5,10.34,33.328,0.399,1.775,27,45,1.3332,7.2505,2.8450,26.5017,66.5,0,20.6363
UI,2021,September,12,5,14.816,8.023,.,2.257,28,6,1.3332,7.2505,.,26.5017,120,25.5,20.6363
UI,2021,September,13,5,29.464,3.415,.,0.515,22,9,1.3332,7.2505,.,26.5017,145,48.5,20.6363
UI,2021,September,14,5,11.252,5.728,1.972,3.525,160,9,1.3332,7.2505,2.8450,26.5017,65.5,8,20.6363
UI,2021,September,15,5,11.254,4.854,.,0.717,30,14,1.3332,7.2505,.,26.5017,114,41.5,20.6363
UI,2021,September,16,5,21.233,5.111,.,2.696,133,18,0.5613,3.3324,.,25.4352,120,52.5,20.6363
UI,2021,September,17,5,5.213,11.646,2.211,2.318,68,11,0.5613,3.3324,2.8450,25.4352,51.5,0,20.6363
UI,2021,September,18,5,8.934,11.163,1.78,2.457,101,9,0.5613,3.3324,2.8450,25.4352,68,12,20.6363
UI,2021,September,19,5,6.755,4.223,2.009,6.437,129,16,0.5613,3.3324,2.8450,25.4352,56.5,0,20.6363
UI,2021,September,20,5,15.66,11.872,1.98,3.336,142,17,0.5613,3.3324,2.8450,25.4352,90.5,8,20.6363
UI,2021,October,1,6,67.121,47.443,.,46.764,735,65,1.3183,23.5405,.,29.9951,152,51,20.6442
UI,2021,October,2,6,11.089,51.378,.,3.914,86,23,1.3183,23.5405,.,29.9951,115,35.5,20.6442
UI,2021,October,3,6,36.8,29.14,1.939,21.707,390,44,1.3183,23.5405,7.2740,29.9951,172,59,20.6442
UI,2021,October,4,6,29.142,19.612,.,7.252,110,36,1.3183,23.5405,.,29.9951,122,14.5,20.6442
UI,2021,October,5,6,22.019,16.826,.,6.208,123,33,1.3183,23.5405,.,29.9951,121,7,20.6442
UI,2021,October,6,6,16.956,19.814,.,11.288,242,43,1.2110,20.8035,.,29.9951,99,15.5,20.6442
UI,2021,October,7,6,10.54,8.2,.,14.26,305,14,1.2110,20.8035,.,29.9951,90.5,25,20.6442
UI,2021,October,8,6,22.343,5.751,3.339,4.227,83,9,1.2110,20.8035,7.2740,29.9951,104,23.5,20.6442
UI,2021,October,9,6,11.45,7.488,0.559,4.42,103,17,1.2110,20.8035,7.2740,29.9951,108,8,20.6442
UI,2021,October,10,6,6.756,15.011,.,2.229,60,29,1.2110,20.8035,.,26.8660,75,6.5,20.6442
UI,2021,October,11,6,12.926,15.16,.,4.244,75,0,0.4237,14.2655,.,26.8660,108,8,20.6442
UI,2021,October,12,6,7.119,8.813,.,0.702,17,19,0.4237,14.2655,.,26.8660,85.5,22.5,20.6442
UI,2021,October,13,6,21.58,18.217,4.928,8.96,178,20,0.4237,14.2655,7.2740,26.8660,107,28.5,20.6442
UI,2021,October,14,6,29.253,8.045,.,1.326,31,25,0.4237,14.2655,.,26.8660,146,50.5,20.6442
UI,2021,October,15,6,13.844,36.816,.,10.612,240,49,0.4237,14.2655,.,26.8660,132,45,20.6442
UI,2021,October,16,6,4.897,3.564,.,2.273,49,10,1.6714,25.0000,.,26.8660,70,18.5,20.6442
UI,2021,October,17,6,3.379,4.211,.,0.978,17,5,1.6714,25.0000,.,26.8660,64,38.5,20.6442
UI,2021,October,18,6,6.216,22.349,.,.,.,11,1.6714,25.0000,.,.,63.5,0,20.6442
UI,2021,October,19,6,6.371,8.622,.,2.796,75,16,1.6714,25.0000,.,26.8660,66,19.5,20.6442
UI,2021,October,20,6,14.462,25.693,0.674,10.694,227,19,1.6714,25.0000,7.2740,26.8660,104,15,20.6442
UI,2021,November,1,7,5.796,3.817,.,2.806,45,4,0.3570,27.9124,.,24.1857,140,44.5,21.4544
UI,2021,November,2,7,0.667,9.378,.,0,218,19,0.3570,27.9124,.,24.1857,117,42.5,21.4544
UI,2021,November,3,7,1.273,7.178,0.937,12.144,316,12,0.3570,27.9124,19.1061,24.1857,100,35,21.4544
UI,2021,November,4,7,3.578,7.865,.,2.407,70,8,0.3570,27.9124,.,24.1857,87,6.5,21.4544
UI,2021,November,5,7,12.278,51.387,.,11.969,265,23,0.3570,27.9124,.,24.1857,135,8,21.4544
UI,2021,November,6,7,.,0,.,11.341,260,12,0.1821,28.6382,.,26.2156,100,17,21.4544
UI,2021,November,7,7,.,9.387,.,11.487,247,19,0.1821,28.6382,.,26.2156,102,21.5,21.4544
UI,2021,November,8,7,4.285,13.8,.,6.19,95,13,0.1821,28.6382,.,26.2156,91.5,0,21.4544
UI,2021,November,9,7,6.593,9.631,.,4.948,100,11,0.1821,28.6382,.,26.2156,83.5,0,21.4544
UI,2021,November,10,7,.,27.38,.,9.307,188,20,0.1821,28.6382,.,26.2156,112,0,21.4544
UI,2021,November,11,7,.,23.852,.,6.99,140,15,0.6503,28.0375,.,28.0559,89,5,21.4544
UI,2021,November,12,7,.,10.354,.,14.751,285,15,0.6503,28.0375,.,28.0559,118,10,21.4544
UI,2021,November,13,7,2.687,5.069,.,10.604,298,7,0.6503,28.0375,.,28.0559,103,15.5,21.4544
UI,2021,November,14,7,.,3.795,.,0,126,2,0.6503,28.0375,.,28.0559,68.5,0,21.4544
UI,2021,November,15,7,8.671,7.218,1.432,17.209,389,13,0.6503,28.0375,19.1061,28.0559,116,23,21.4544
UI,2021,November,16,7,.,14.934,.,22.187,524,16,0.6503,29.0549,.,28.1564,88.5,17.5,21.4544
UI,2021,November,17,7,8.779,8.427,.,5.139,177,17,0.6503,29.0549,.,28.1564,49,0,21.4544
UI,2021,November,18,7,.,11.47,.,4.609,150,14,0.6503,29.0549,.,28.1564,88,15.5,21.4544
UI,2021,November,19,7,.,34.503,.,8.296,185,11,0.6503,29.0549,.,28.1564,84.5,10,21.4544
UI,2021,November,20,7,13.463,56.487,.,31.567,730,16,0.6503,29.0549,.,28.1564,102,14,21.4544
UI,2022,May,1,8,0.455,3.989,.,0.179,7,7,5.3430,23.4380,.,29.4222,50,45,15.34
UI,2022,May,2,8,0.471,4.715,.,0.0149,4,5,5.3430,23.4380,.,29.4222,0,18,15.34
UI,2022,May,3,8,0.667,2.732,.,0.098,4,10,5.3430,23.4380,.,29.4222,52,48,15.34
UI,2022,May,4,8,1.328,12.696,.,6.782,95,5,5.3430,23.4380,.,29.4222,52,49,15.34
UI,2022,May,5,8,2.428,10.795,.,1.543,37,14,5.3430,23.4380,.,29.4222,36,2,15.34
UI,2022,May,6,8,9.995,31.114,.,6.846,119,39,1.3536,18.1662,.,25.4176,49,9,15.34
UI,2022,May,7,8,0.8614,4.423,.,0.316,10,12,1.3536,18.1662,.,25.4176,33,19,15.34
UI,2022,May,8,8,2.336,7.611,.,3.756,80,6,1.3536,18.1662,.,25.4176,39,21,15.34
UI,2022,May,9,8,3.7349,12.284,.,1.798,35,22,1.3536,18.1662,.,25.4176,38,1,15.34
UI,2022,May,10,8,6.786,15.75,.,2.785,64,10,1.3536,18.1662,.,25.4176,58,0,15.34
UI,2022,May,11,8,3.752,50.199,.,4.204,102,20,1.3061,19.2348,.,24.0756,44,0,15.34
UI,2022,May,12,8,0.635,0.695,.,0.166,2,3,1.3061,19.2348,.,24.0756,49,24,15.34
UI,2022,May,13,8,5.122,11.079,.,1.006,25,17,1.3061,19.2348,.,24.0756,42,0,15.34
UI,2022,May,14,8,1.677,14.008,.,0.337,11,4,1.3061,19.2348,.,24.0756,37,19,15.34
UI,2022,May,15,8,1.047,13.577,.,0.03,1,8,1.3061,19.2348,.,24.0756,22,0,15.34
UI,2022,May,16,8,1.306,5.765,.,1.324,52,7,1.5673,25.0272,.,30.5743,59,40,15.34
UI,2022,May,17,8,1.789,10.006,.,0.01,1,14,1.5673,25.0272,.,30.5743,13,1,15.34
UI,2022,May,18,8,0.291,1.422,.,0.032,3,5,1.5673,25.0272,.,30.5743,33,17,15.34
UI,2022,May,19,8,1.074,3.981,.,0.361,11,13,1.5673,25.0272,.,30.5743,40,20,15.34
UI,2022,May,20,8,4.124,17.674,.,2.858,80,18,1.5673,25.0272,.,30.5743,41,0,15.34
UI,2022,June,1,9,5.57,2.026,.,0.124,3,29,1.0112,18.2954,.,27.7118,87,48,21.83
UI,2022,June,2,9,3.958,3.542,.,0.078,2,29,1.0112,18.2954,.,27.7118,45,24,21.83
UI,2022,June,3,9,11.992,12.322,.,2.806,50,92,1.0112,18.2954,.,27.7118,86,42,21.83
UI,2022,June,4,9,26.076,19.236,0.93,4.02,81,91,1.0112,18.2954,1.3399,27.7118,73,15,21.83
UI,2022,June,5,9,16.686,10.434,0.542,3.79,80,27,1.0112,18.2954,1.3399,27.7118,84,8,21.83
UI,2022,June,6,9,5.72,9.668,.,.,.,37,0.9237,10.1005,.,.,42,18,21.83
UI,2022,June,7,9,3.256,2.19,.,.,.,57,0.9237,10.1005,.,.,42,33,21.83
UI,2022,June,8,9,5.642,6.608,.,0.288,6,55,0.9237,10.1005,.,27.7118,55,13,21.83
UI,2022,June,9,9,12.768,9.232,0.324,.,.,45,0.9237,10.1005,1.3399,.,73,12,21.83
UI,2022,June,10,9,16.694,3.876,0.886,0.07,2,11,0.9237,10.1005,1.3399,27.7118,75,5,21.83
UI,2022,June,11,9,14.752,18.752,0.638,3.058,55,38,1.0939,11.6768,1.3399,25.7865,64,7,21.83
UI,2022,June,12,9,5.73,1.988,.,0.11,1,30,1.0939,11.6768,.,25.7865,59,34,21.83
UI,2022,June,13,9,4.62,20.938,0.188,0.052,2,48,1.0939,11.6768,1.3399,25.7865,49,13,21.83
UI,2022,June,14,9,1.688,1.934,.,.,.,16,1.0939,11.6768,.,.,55,36,21.83
UI,2022,June,15,9,5.394,7.882,.,0.102,3,75,1.0939,11.6768,.,25.7865,44,9,21.83
UI,2022,June,16,9,4.538,0.686,.,0.168,2,39,0.8343,9.0301,.,25.7865,80,61,21.83
UI,2022,June,17,9,1.01,0.69,.,.,.,26,0.8343,9.0301,.,.,43,35,21.83
UI,2022,June,18,9,5.77,4.084,.,0.332,29,95,0.8343,9.0301,.,25.7865,73,39,21.83
UI,2022,June,19,9,8.432,2.526,0.328,0.064,4,26,0.8343,9.0301,1.3399,25.7865,65,15,21.83
UI,2022,June,20,9,29.892,18.648,0.91,0.874,29,71,0.8343,9.0301,1.3399,25.7865,89,7,21.83
UI,2022,July,1,10,13.534,1.398,0.298,0.01,3,27,0.6030,9.6559,3.0722,28.1053,120,45,25.64
UI,2022,July,2,10,10.418,1.56,0.47,0.028,8,11,0.6030,9.6559,3.0722,28.1053,142,65,25.64
UI,2022,July,3,10,32.068,9.462,.,.,.,39,0.6030,9.6559,.,.,100,41,25.64
UI,2022,July,4,10,13.346,2.448,0.306,0.586,13,48,0.6030,9.6559,3.0722,28.1053,115,48,25.64
UI,2022,July,5,10,47.52,43.158,3.278,1.388,36,120,0.6030,9.6559,3.0722,28.1053,89,12,25.64
UI,2022,July,6,10,10.326,47.942,0.12,0.452,7,33,1.6850,11.6576,3.0722,28.1053,70,7,25.64
UI,2022,July,7,10,23.898,8.248,0.158,0.494,12,46,1.6850,11.6576,3.0722,28.1053,100,35,25.64
UI,2022,July,8,10,13.99,14.15,0.712,1.306,60,65,1.6850,11.6576,3.0722,28.1053,79,24,25.64
UI,2022,July,9,10,26.304,10.073,0.13,2.36,81,55,1.6850,11.6576,3.0722,28.1053,110,16,25.64
UI,2022,July,10,10,37.07,16.666,0.312,0.792,25,54,1.6850,11.6576,2.1619,28.1053,91,29,25.64
UI,2022,July,11,10,14.732,2.13,0.216,0.006,3,21,1.6774,11.5682,2.1619,5.4170,110,37,25.64
UI,2022,July,12,10,13.39,1.142,0.372,0.01,3,13,1.6774,11.5682,2.1619,5.4170,115,38,25.64
UI,2022,July,13,10,18.126,2.592,0.488,0.136,9,15,1.6774,11.5682,2.1619,5.4170,121,46,25.64
UI,2022,July,14,10,7.064,7.658,0.172,0.63,37,43,1.6774,11.5682,2.1619,5.4170,30,9,25.64
UI,2022,July,15,10,26.832,8.812,0.302,.,.,47,1.6774,11.5682,2.1619,.,127,52,25.64
UI,2022,July,16,10,3.622,3.366,0.036,0.174,31,51,2.0769,10.9206,2.1619,5.4170,41,7,25.64
UI,2022,July,17,10,3.642,1.514,.,0.024,4,49,2.0769,10.9206,.,5.4170,77,48,25.64
UI,2022,July,18,10,5.566,2.52,.,.,.,36,2.0769,10.9206,.,.,102,69,25.64
UI,2022,July,19,10,9.554,2.582,0.096,0.184,28,40,2.0769,10.9206,2.1619,5.4170,47,16,25.64
UI,2022,July,20,10,24.172,18.856,.,0.232,5,61,2.0769,10.9206,.,5.4170,66,13,25.64
UI,2022,August,1,11,12.316,2.955,0.36,0.569,41,9,0.1905,9.2609,3.4996,18.9400,92,33.5,24.27
UI,2022,August,2,11,19.308,6.58,2.197,0.98,69,14,0.1905,9.2609,3.4996,18.9400,99,35,24.27
UI,2022,August,3,11,25.932,7.46,0.218,0.087,8,14,0.1905,9.2609,3.4996,18.9400,153,65,24.27
UI,2022,August,4,11,31.147,8.225,2.401,0.574,42,20,0.1905,9.2609,3.4996,18.9400,102,45,24.27
UI,2022,August,5,11,19.341,11.934,.,1.991,62,33,0.1905,9.2609,.,18.9400,105,16,24.27
UI,2022,August,6,11,6.374,11.717,0.243,1.33,33,33,0.6190,12.9034,3.4996,30.3301,68,6,24.27
UI,2022,August,7,11,11.855,8.07,.,0.25,19,24,0.6190,12.9034,.,30.3301,97,29,24.27
UI,2022,August,8,11,18.704,22.141,0.282,0.579,27,35,0.6190,12.9034,3.4996,30.3301,89,13,24.27
UI,2022,August,9,11,37.595,28.262,0.474,1.709,82,70,0.6190,12.9034,1.0207,30.3301,89,25,24.27
UI,2022,August,10,11,11.019,2.19,.,0.035,6,16,0.6190,12.9034,.,30.3301,103,39,24.27
UI,2022,August,11,11,23.482,4.381,0.076,0.08,11,9,0.4523,19.5932,1.0207,17.0407,110,35,24.27
UI,2022,August,12,11,7.27,0,.,4.094,251,36,0.4523,19.5932,.,17.0407,58,14,24.27
UI,2022,August,13,11,7.397,6.913,0.252,0.839,75,60,0.4523,19.5932,1.0207,17.0407,46,10,24.27
UI,2022,August,14,11,17.09,3.807,.,0.371,33,29,0.4523,19.5932,.,17.0407,98,48,24.27
UI,2022,August,15,11,5.819,11.378,0.059,3.139,212,109,0.4523,19.5932,1.0207,17.0407,34,5,24.27
UI,2022,August,16,11,4.697,2.045,.,.,.,22,0.7380,12.7367,.,.,60,38,24.27
UI,2022,August,17,11,2.698,4.499,0.337,1.382,121,54,0.7380,12.7367,1.0207,8.1431,42,1,24.27
UI,2022,August,18,11,8.779,10.324,0.278,0.729,18,31,0.7380,12.7367,1.0207,8.1431,62,24,24.27
UI,2022,August,19,11,3.617,2.369,.,0.142,25,13,0.7380,12.7367,.,8.1431,62,18,24.27
UI,2022,August,20,11,21.94,28.563,0.677,0.885,50,75,0.7380,12.7367,1.0207,8.1431,74,12,24.27
UI,2022,September,1,12,20.316,4.536,.,2.194,73,16,0.1733,2.7616,.,30.9944,128,55,19.74
UI,2022,September,2,12,22.377,3.671,1.107,5.082,119,9,0.1733,2.7616,3.5691,30.9944,105,43,19.74
UI,2022,September,3,12,13.59,3.579,0.829,1.674,64,16,0.1733,2.7616,3.5691,30.9944,128,57,19.74
UI,2022,September,4,12,14.857,3.552,0.747,3.374,113,13,0.1733,2.7616,3.5691,30.9944,85,36,19.74
UI,2022,September,5,12,1.838,12.625,1.755,9.918,266,30,0.1733,2.7616,3.5691,30.9944,110,41,19.74
UI,2022,September,6,12,15.926,7.63,.,4.605,204,81,0.0701,18.4704,.,28.6685,60,13,19.74
UI,2022,September,7,12,17.63,22.549,.,4.491,114,51,0.0701,18.4704,.,28.6685,93,14,19.74
UI,2022,September,8,12,32.163,16.98,.,10.163,275,49,0.0701,18.4704,.,28.6685,87,24,19.74
UI,2022,September,9,12,37.656,7.961,4.228,3.374,114,20,0.0701,18.4704,3.5691,28.6685,123,27,19.74
UI,2022,September,10,12,39.726,20.92,.,5.3,121,48,0.0701,18.4704,.,28.6685,114,31,19.74
UI,2022,September,11,12,15.736,2.379,0.557,0.669,31,10,0.2971,15.7052,1.2393,30.1096,108,35,19.74
UI,2022,September,12,12,8.867,28.666,.,3.555,101,58,0.2971,15.7052,.,30.1096,54,15,19.74
UI,2022,September,13,12,60.966,20.586,.,9.874,247,34,0.2971,15.7052,.,30.1096,135,50,19.74
UI,2022,September,14,12,41.252,15.301,.,28.484,810,35,0.2971,15.7052,.,30.1096,100,33,19.74
UI,2022,September,15,12,15.308,6.395,1.138,3.698,86,22,0.2971,15.7052,1.2393,30.1096,99,39,19.74
UI,2022,September,16,12,49.122,18.468,1.156,9.393,239,31,0.4704,16.4744,1.2393,29.0978,140,57,19.74
UI,2022,September,17,12,11.036,12.171,.,14.694,702,116,0.4704,16.4744,.,29.0978,41,12,19.74
UI,2022,September,18,12,5.866,3.812,0.056,1.428,38,17,0.4704,16.4744,1.2393,29.0978,72,36,19.74
UI,2022,September,19,12,18.376,17.157,.,3.798,86,39,0.4704,16.4744,.,29.0978,60,12,19.74
UI,2022,September,20,12,23.531,3.743,1.979,1.85,45,32,0.4704,16.4744,1.2393,29.0978,80,20,19.74
UI,2022,October,1,13,22.429,8.729,.,18.082,335,17,0.7522,26.2809,.,24.5960,143,45,12.06
UI,2022,October,2,13,10.375,16.978,.,16.053,381,28,0.7522,26.2809,.,24.5960,88,11,12.06
UI,2022,October,3,13,13.846,7.142,.,11.145,226,12,0.7522,26.2809,.,24.5960,120,20,12.06
UI,2022,October,4,13,25.915,12.765,.,5.503,104,21,0.7522,26.2809,.,24.5960,136,42,12.06
UI,2022,October,5,13,26.465,17.746,.,9.272,218,21,0.7522,26.2809,.,24.5960,100,16,12.06
UI,2022,October,6,13,18.635,20.522,.,10.183,215,18,0.7978,24.1378,.,24.5328,130,13,12.06
UI,2022,October,7,13,7.17,15.674,.,3.446,77,37,0.7978,24.1378,.,24.5328,63,0,12.06
UI,2022,October,8,13,17.581,12.256,.,2.893,73,18,0.7978,24.1378,.,24.5328,78,0,12.06
UI,2022,October,9,13,11.965,14.23,.,8.152,159,23,0.7978,24.1378,.,24.5328,100,8,12.06
UI,2022,October,10,13,14.692,17.529,.,7.254,164,22,0.7978,24.1378,.,24.5328,125,0,12.06
UI,2022,October,11,13,19.587,34.74,0.704,5.537,122,23,1.0454,25.1640,.,23.6873,89,9,12.06
UI,2022,October,12,13,16.435,29.386,.,4.181,83,14,1.0454,25.1640,.,23.6873,130,14,12.06
UI,2022,October,13,13,13.965,13.615,.,10.37,209,17,1.0454,25.1640,.,23.6873,101,18,12.06
UI,2022,October,14,13,3.727,5.848,.,2.196,60,12,1.0454,25.1640,.,23.6873,45,0,12.06
UI,2022,October,15,13,9.774,10.852,.,17.319,452,24,1.0454,25.1640,.,23.6873,76,14,12.06
UI,2022,October,16,13,6.747,17.134,.,6.387,192,29,0.7580,17.8885,.,23.4362,54,0,12.06
UI,2022,October,17,13,8.95,24.734,.,5.026,176,32,0.7580,17.8885,.,23.4362,74,18,12.06
UI,2022,October,18,13,5.404,5.358,.,2.745,76,10,0.7580,17.8885,.,23.4362,60,0,12.06
UI,2022,October,19,13,16.057,21.895,.,9.339,234,31,0.7580,17.8885,.,23.4362,78,2,12.06
UI,2022,October,20,13,10.002,21.01,.,11.026,313,38,0.7580,17.8885,.,23.4362,57,0,12.06
UI,2022,November,1,14,20.256,11.88,.,11.891,271,29,0.5394,12.2927,.,24.0385,130,10,11.16
UI,2022,November,2,14,7.59,14.769,.,11.471,261,22,0.5394,12.2927,.,24.0385,102,0,11.16
UI,2022,November,3,14,7.553,2.304,.,1.909,52,16,0.5394,12.2927,.,24.0385,115,0,11.16
UI,2022,November,4,14,2.985,7.399,.,3.155,70,12,0.5394,12.2927,.,24.0385,75,0,11.16
UI,2022,November,5,14,2.663,4.552,.,1.107,21,5,0.5394,12.2927,.,24.0385,100,0,11.16
UI,2022,November,6,14,5.009,30.109,.,13.256,300,17,0.5122,31.6585,.,26.1492,115,0,11.16
UI,2022,November,7,14,3.179,19.218,.,8.142,229,24,0.5122,31.6585,.,26.1492,62,0,11.16
UI,2022,November,8,14,1.821,11.608,.,7.951,133,34,0.5122,31.6585,.,26.1492,47,0,11.16
UI,2022,November,9,14,7.845,7.464,.,13.319,282,16,0.5122,31.6585,.,26.1492,86,0,11.16
UI,2022,November,10,14,5.34,9.85,.,8.081,93,16,0.5122,31.6585,.,26.1492,120,0,11.16
UI,2022,November,11,14,6.919,15.901,.,4.851,110,45,0.4456,31.1210,.,24.4363,51,0,11.16
UI,2022,November,12,14,4.24,4.027,.,1.191,35,43,0.4456,31.1210,.,24.4363,46,0,11.16
UI,2022,November,13,14,5.314,10.197,.,1.751,39,15,0.4456,31.1210,.,24.4363,68,0,11.16
UI,2022,November,14,14,3.483,4.96,.,2.913,72,13,0.4456,31.1210,.,24.4363,107,0,11.16
UI,2022,November,15,14,9.819,10.104,.,5.74,119,25,0.4456,31.1210,.,24.4363,128,33,11.16
UI,2022,November,16,14,1.997,4.321,.,1.536,24,12,0.4925,30.9024,.,27.2195,98,2,11.16
UI,2022,November,17,14,3.04,8.613,.,3.01,68,26,0.4925,30.9024,.,27.2195,43,0,11.16
UI,2022,November,18,14,7.636,10.616,.,5.383,201,25,0.4925,30.9024,.,27.2195,63,0,11.16
UI,2022,November,19,14,7.837,30.643,.,4.381,135,18,0.4925,30.9024,.,27.2195,66,0,11.16
UI,2022,November,20,14,2.686,21.169,.,10.67,247,24,0.4925,30.9024,.,27.2195,73,0,11.16
